Transaction_ID,Account_Number,Transaction_Date,Transaction_Amount,Merchant_ID,Device_ID,Transaction_Type,Is_Fraud
T00001,25795,2025-01-11 18:44:00,32526.12,M246,D8162,Online,0
T00002,10860,2025-01-14 09:22:00,36709.51,M765,D7241,Offline,0
T00003,86820,2025-01-17 14:50:00,39677.65,M403,D9399,Online,0
T00004,64886,2025-01-01 01:17:00,69577.17,M719,D6633,Online,0
T00005,16265,2025-01-15 07:31:00,38916.95,M847,D6755,Online,0
T00006,92386,2025-01-12 19:04:00,44924.49,M919,D7309,Online,0
T00007,47194,2025-01-10 18:20:00,23830.66,M963,D5117,Offline,0
T00008,97498,2025-02-27 15:05:00,37387.85,M681,D9345,Online,0
T00009,54131,2025-02-28 08:56:00,22804.24,M794,D2518,Offline,0
T00010,70263,2025-01-31 01:43:00,7412.27,M861,D7163,Offline,0
T00011,26023,2025-02-11 02:47:00,60384.51,M327,D3600,Offline,0
T00012,51090,2025-02-22 02:46:00,66854.46,M201,D3195,Online,0
T00013,77221,2025-01-21 08:07:00,61987.09,M686,D4554,Offline,1
T00014,74820,2025-01-28 13:51:00,46403.05,M516,D3849,Online,0
T00015,10769,2025-01-09 07:14:00,38040.6,M315,D2742,Online,0
T00016,69735,2025-02-20 22:20:00,86347.03,M506,D2306,Online,1
T00017,72955,2025-02-20 01:41:00,51956.27,M498,D4849,Online,0
T00018,74925,2025-02-19 16:00:00,47970.27,M814,D8519,Online,0
T00019,77969,2025-01-13 21:34:00,2661.64,M803,D5195,Offline,0
T00020,15311,2025-01-07 09:04:00,34190.66,M860,D6178,Offline,0
T00021,93104,2025-01-14 06:16:00,38081.54,M598,D3555,Online,0
T00022,63707,2025-02-17 00:48:00,39942.4,M853,D3305,Offline,0
T00023,95305,2025-01-24 14:56:00,58059.22,M564,D8619,Online,0
T00024,38693,2025-01-08 19:26:00,53406.89,M790,D3642,Offline,0
T00025,81932,2025-02-01 15:18:00,60829.72,M830,D7409,Offline,0
T00026,35658,2025-01-13 18:21:00,76511.84,M181,D5757,Offline,1
T00027,94478,2025-01-26 07:35:00,81317.28,M703,D3994,Offline,1
T00028,28431,2025-01-03 18:58:00,71840.5,M786,D9751,Offline,1
T00029,12747,2025-01-08 20:22:00,95556.82,M850,D2271,Online,1
T00030,69150,2025-02-16 21:06:00,1921.44,M871,D2813,Online,1
T00031,75725,2025-01-29 13:57:00,19658.22,M464,D9801,Offline,0
T00032,94654,2025-02-08 03:17:00,855.53,M262,D3461,Online,0
T00033,45773,2025-02-27 17:22:00,64782.72,M147,D5120,Offline,0
T00034,77435,2025-01-18 00:39:00,89813.25,M610,D7124,Online,1
T00035,66886,2025-02-09 10:59:00,24423.88,M428,D9475,Offline,0
T00036,76803,2025-02-26 04:30:00,92710.75,M939,D5396,Offline,1
T00037,41551,2025-02-19 12:44:00,6120.71,M215,D1816,Offline,0
T00038,21394,2025-01-04 18:08:00,93450.16,M948,D8304,Online,1
T00039,79092,2025-02-11 05:39:00,35227.11,M436,D8331,Online,0
T00040,13890,2025-01-18 09:33:00,10231.94,M980,D1082,Offline,0
T00041,51606,2025-01-07 13:26:00,48638.59,M836,D2920,Offline,0
T00042,90038,2025-01-01 15:22:00,25751.98,M963,D8817,Online,0
T00043,97313,2025-02-05 15:56:00,28558.8,M939,D3093,Online,0
T00044,20627,2025-01-08 11:49:00,30798.27,M246,D8071,Online,0
T00045,18792,2025-02-16 06:56:00,80322.29,M674,D8967,Online,1
T00046,83969,2025-01-31 13:48:00,53962.21,M905,D9367,Online,1
T00047,53001,2025-02-14 18:44:00,31199.64,M422,D6285,Offline,0
T00048,86552,2025-01-23 07:54:00,61072.34,M542,D5937,Online,0
T00049,33897,2025-02-27 13:10:00,71643.45,M936,D1369,Offline,1
T00050,78148,2025-01-02 14:56:00,27335.14,M112,D2818,Offline,0
T00051,33483,2025-02-17 01:39:00,41413.56,M593,D3101,Online,0
T00052,58555,2025-01-14 05:09:00,12276.42,M800,D4490,Online,0
T00053,27159,2025-02-11 02:41:00,18196.82,M386,D2779,Offline,0
T00054,90077,2025-01-23 09:45:00,68143.67,M819,D8674,Online,0
T00055,45920,2025-01-31 11:12:00,18225.69,M213,D2364,Offline,0
T00056,77121,2025-02-02 01:57:00,52563.82,M579,D8294,Online,0
T00057,79479,2025-02-08 07:40:00,70933.72,M121,D4676,Online,1
T00058,99475,2025-01-17 11:10:00,10777.0,M448,D3426,Online,0
T00059,29457,2025-01-21 11:26:00,56774.49,M825,D9264,Offline,0
T00060,76557,2025-02-19 22:27:00,25730.62,M782,D9089,Online,0
T00061,87189,2025-02-19 22:15:00,96296.39,M934,D3962,Offline,1
T00062,88953,2025-02-14 17:55:00,48406.21,M665,D1859,Online,0
T00063,62995,2025-01-29 05:11:00,80618.66,M909,D5138,Offline,1
T00064,50757,2025-01-14 23:03:00,55067.63,M419,D3424,Online,0
T00065,19692,2025-02-14 23:32:00,4436.91,M225,D5017,Offline,0
T00066,55758,2025-01-10 23:42:00,63351.82,M376,D9560,Offline,0
T00067,82409,2025-02-28 12:51:00,95145.19,M303,D9342,Offline,1
T00068,81211,2025-01-03 14:36:00,60201.02,M293,D2134,Offline,0
T00069,75697,2025-01-15 07:29:00,81936.97,M780,D6166,Offline,1
T00070,47065,2025-01-12 10:38:00,88432.23,M763,D6119,Offline,1
T00071,42606,2025-01-28 13:06:00,22885.17,M646,D6694,Online,0
T00072,21534,2025-02-22 13:23:00,21283.28,M795,D7136,Offline,0
T00073,50397,2025-02-19 12:35:00,61137.0,M385,D6485,Offline,1
T00074,11016,2025-02-24 01:14:00,41161.74,M156,D5164,Offline,0
T00075,99789,2025-01-10 19:53:00,84002.14,M833,D3346,Online,1
T00076,65591,2025-02-23 00:05:00,90012.31,M402,D6039,Online,1
T00077,99812,2025-01-10 00:39:00,35406.8,M262,D5897,Online,0
T00078,33247,2025-02-08 09:58:00,23763.37,M118,D9252,Offline,1
T00079,34300,2025-01-01 13:34:00,78074.5,M469,D6041,Online,1
T00080,84065,2025-02-22 19:57:00,27553.12,M363,D4901,Online,0
T00081,92798,2025-01-02 16:43:00,82279.17,M893,D2337,Offline,1
T00082,19268,2025-02-22 18:33:00,42431.45,M212,D2184,Offline,0
T00083,96807,2025-02-22 17:16:00,66788.23,M587,D5426,Online,0
T00084,22185,2025-02-20 21:59:00,9643.98,M426,D2551,Offline,0
T00085,73704,2025-01-13 01:28:00,62423.55,M641,D2629,Offline,0
T00086,96779,2025-01-11 15:28:00,45231.59,M746,D2526,Offline,0
T00087,49099,2025-02-09 13:02:00,58702.19,M678,D2361,Offline,0
T00088,18571,2025-01-19 23:06:00,16884.62,M164,D5370,Online,0
T00089,48044,2025-03-01 08:11:00,73713.69,M391,D6283,Offline,1
T00090,61214,2025-01-28 17:15:00,86293.43,M124,D8610,Online,1
T00091,71228,2025-01-26 20:19:00,21752.31,M648,D2993,Online,0
T00092,58984,2025-02-26 03:59:00,9661.88,M100,D1869,Online,0
T00093,50774,2025-02-14 21:24:00,2461.49,M648,D2014,Online,0
T00094,12568,2025-02-11 20:39:00,64232.95,M240,D1602,Offline,0
T00095,72592,2025-02-06 19:48:00,60748.69,M843,D1690,Offline,0
T00096,77563,2025-01-01 02:06:00,54715.07,M747,D9685,Offline,0
T00097,12695,2025-02-06 08:09:00,23271.51,M287,D1489,Online,0
T00098,58190,2025-01-20 04:32:00,39151.51,M227,D7864,Online,0
T00099,15258,2025-02-15 08:30:00,59488.19,M300,D8240,Online,0
T00100,97538,2025-02-08 07:36:00,49727.01,M226,D8786,Offline,0
T00101,49504,2025-03-01 18:26:00,98779.77,M356,D9024,Online,1
T00102,43159,2025-01-31 18:47:00,13730.33,M775,D1294,Offline,0
T00103,23986,2025-02-17 20:24:00,69544.94,M646,D6488,Offline,0
T00104,71858,2025-01-03 15:17:00,40491.44,M293,D5027,Offline,0
T00105,22666,2025-02-03 06:02:00,42877.14,M802,D3912,Offline,0
T00106,48660,2025-01-10 12:38:00,71788.02,M203,D5744,Online,1
T00107,13561,2025-01-25 00:00:00,69274.37,M634,D2873,Offline,0
T00108,36854,2025-02-23 04:29:00,99126.47,M364,D4258,Online,1
T00109,74505,2025-01-16 08:36:00,12926.59,M901,D3817,Offline,0
T00110,62251,2025-01-26 04:04:00,10500.55,M483,D9636,Online,0
T00111,32662,2025-01-02 03:25:00,72461.45,M359,D4641,Online,1
T00112,18392,2025-02-03 00:03:00,57880.85,M513,D5458,Offline,0
T00113,40535,2025-01-14 08:56:00,27488.65,M457,D6307,Offline,0
T00114,88603,2025-02-06 22:13:00,8033.99,M174,D9933,Offline,0
T00115,62256,2025-01-26 23:50:00,8657.26,M454,D3041,Online,0
T00116,99135,2025-01-28 06:42:00,89429.67,M683,D1679,Offline,1
T00117,45222,2025-02-14 00:14:00,19267.55,M870,D6738,Offline,0
T00118,87373,2025-02-17 09:24:00,32404.82,M287,D6668,Online,0
T00119,89575,2025-01-09 02:54:00,22742.97,M784,D8697,Offline,0
T00120,94651,2025-02-09 01:44:00,35564.13,M389,D9033,Online,0
T00121,73335,2025-02-22 03:00:00,7035.44,M144,D1062,Offline,0
T00122,20965,2025-02-09 23:05:00,51954.07,M672,D8829,Online,0
T00123,34538,2025-01-28 05:44:00,6854.5,M182,D8352,Online,0
T00124,80592,2025-01-10 04:24:00,80055.62,M222,D7915,Offline,1
T00125,18110,2025-01-29 06:58:00,23447.84,M457,D9326,Online,0
T00126,89309,2025-01-18 11:10:00,54047.19,M627,D4644,Offline,0
T00127,37266,2025-02-14 06:11:00,88019.9,M165,D5970,Offline,1
T00128,62992,2025-02-04 12:08:00,65122.65,M756,D9003,Online,0
T00129,92948,2025-02-21 01:09:00,53342.48,M474,D4278,Offline,0
T00130,16910,2025-01-06 22:57:00,32500.94,M261,D8296,Online,0
T00131,10206,2025-01-06 14:30:00,33366.89,M845,D4074,Online,0
T00132,97054,2025-01-07 00:26:00,66981.75,M479,D9312,Online,0
T00133,97897,2025-02-10 02:41:00,99414.52,M755,D8552,Online,1
T00134,33419,2025-01-26 06:08:00,66217.74,M457,D2637,Online,0
T00135,60636,2025-01-05 17:03:00,55822.56,M287,D6103,Online,0
T00136,60015,2025-01-30 02:34:00,73091.99,M421,D1644,Online,1
T00137,64268,2025-02-18 23:07:00,46574.04,M549,D3032,Online,0
T00138,97939,2025-02-24 21:06:00,6108.22,M573,D3761,Offline,0
T00139,28141,2025-02-16 21:26:00,56273.45,M112,D3068,Offline,0
T00140,90356,2025-02-19 04:35:00,95766.77,M283,D1241,Online,1
T00141,81910,2025-02-01 18:45:00,17612.76,M210,D3668,Offline,0
T00142,66044,2025-01-14 20:36:00,69031.49,M607,D1802,Offline,0
T00143,77214,2025-02-02 02:40:00,20173.28,M389,D6059,Offline,0
T00144,43827,2025-01-26 19:08:00,53629.19,M394,D1195,Offline,0
T00145,65820,2025-01-04 07:17:00,9757.98,M550,D3187,Offline,0
T00146,72623,2025-01-14 06:17:00,45092.06,M314,D3330,Offline,0
T00147,91734,2025-01-08 05:15:00,75640.72,M731,D5841,Online,1
T00148,85450,2025-01-12 06:41:00,34822.4,M993,D4606,Offline,0
T00149,32299,2025-01-20 05:36:00,66524.68,M666,D9468,Offline,0
T00150,53585,2025-02-18 22:40:00,79565.45,M126,D1060,Offline,1
T00151,74044,2025-02-02 01:23:00,92725.06,M729,D4927,Offline,1
T00152,52557,2025-01-14 18:16:00,23540.74,M832,D7296,Online,0
T00153,59080,2025-02-04 14:40:00,39991.66,M330,D3591,Online,0
T00154,12693,2025-02-06 16:53:00,15326.36,M664,D9758,Online,0
T00155,79163,2025-01-18 07:17:00,99249.1,M906,D7121,Online,1
T00156,35939,2025-01-15 23:26:00,92707.4,M420,D2200,Offline,1
T00157,58925,2025-02-22 09:32:00,54041.72,M332,D3854,Online,0
T00158,52941,2025-02-13 15:03:00,84219.13,M769,D8024,Online,1
T00159,31834,2025-01-15 10:46:00,52143.7,M536,D7972,Online,0
T00160,28047,2025-02-22 10:40:00,62396.21,M880,D1136,Online,0
T00161,36105,2025-01-02 05:19:00,9003.53,M632,D2029,Offline,0
T00162,85766,2025-01-30 03:09:00,75551.52,M502,D3594,Online,1
T00163,25707,2025-01-02 17:22:00,12858.58,M152,D8206,Offline,0
T00164,31976,2025-01-17 23:22:00,82624.16,M886,D1661,Online,1
T00165,54262,2025-01-24 09:59:00,78224.61,M412,D3472,Offline,1
T00166,33776,2025-02-10 07:46:00,70903.6,M380,D1086,Offline,1
T00167,40080,2025-01-02 10:39:00,3712.42,M825,D7219,Online,0
T00168,76842,2025-01-02 21:17:00,30382.52,M130,D9143,Online,0
T00169,71373,2025-02-11 10:36:00,26384.95,M436,D7968,Online,0
T00170,16776,2025-01-20 09:52:00,36077.63,M282,D3773,Online,0
T00171,65016,2025-01-30 11:40:00,8855.51,M122,D2700,Offline,0
T00172,19474,2025-02-20 14:07:00,93702.09,M643,D3700,Offline,1
T00173,68053,2025-01-13 19:29:00,55424.84,M545,D7815,Online,0
T00174,31959,2025-01-24 06:56:00,30621.88,M173,D2647,Online,0
T00175,15530,2025-02-14 11:57:00,39758.45,M109,D7038,Offline,0
T00176,13748,2025-01-27 13:38:00,44775.53,M583,D6164,Online,0
T00177,23545,2025-02-03 13:02:00,60099.37,M555,D6520,Offline,0
T00178,76199,2025-01-21 01:05:00,51616.37,M665,D4687,Online,0
T00179,44766,2025-01-05 14:45:00,91947.26,M663,D1596,Offline,1
T00180,83530,2025-01-27 09:20:00,49746.65,M759,D5545,Offline,0
T00181,71087,2025-01-19 13:37:00,99216.59,M259,D9676,Offline,1
T00182,78840,2025-01-08 23:25:00,85157.35,M981,D9837,Offline,1
T00183,64384,2025-01-27 18:45:00,20930.2,M113,D5757,Offline,0
T00184,61005,2025-01-18 17:22:00,93066.46,M277,D5384,Online,1
T00185,56576,2025-02-15 05:55:00,11725.0,M511,D9912,Offline,0
T00186,49353,2025-02-08 07:28:00,81763.23,M977,D5733,Online,1
T00187,72003,2025-02-06 10:47:00,38124.27,M152,D8081,Offline,0
T00188,93211,2025-01-09 13:42:00,87809.63,M507,D9690,Offline,1
T00189,62733,2025-01-29 08:06:00,86818.86,M946,D8117,Online,1
T00190,75318,2025-02-03 20:50:00,80611.95,M121,D5729,Online,1
T00191,99474,2025-02-24 14:23:00,79024.04,M129,D2673,Online,1
T00192,33664,2025-02-22 12:29:00,30537.45,M802,D9306,Online,0
T00193,77172,2025-02-06 12:43:00,8183.84,M359,D8178,Offline,0
T00194,95616,2025-02-26 22:14:00,40357.72,M304,D3294,Online,0
T00195,36736,2025-01-19 07:59:00,17435.1,M158,D4630,Offline,0
T00196,10854,2025-03-01 07:02:00,69525.61,M570,D1146,Online,0
T00197,48623,2025-02-26 10:04:00,34675.36,M875,D4453,Online,0
T00198,17392,2025-02-23 03:34:00,97563.46,M565,D5507,Offline,1
T00199,65680,2025-02-08 06:26:00,64133.11,M111,D6783,Offline,0
T00200,56717,2025-01-22 07:18:00,82265.81,M730,D8751,Online,1
T00201,97092,2025-02-22 22:18:00,13339.21,M389,D6628,Offline,0
T00202,60859,2025-02-13 21:50:00,86215.25,M949,D9328,Offline,1
T00203,36309,2025-02-21 10:15:00,92283.44,M859,D4360,Offline,1
T00204,97455,2025-02-09 03:33:00,48757.49,M453,D4005,Offline,0
T00205,73734,2025-01-22 20:40:00,60664.67,M738,D4552,Offline,0
T00206,80467,2025-03-01 04:30:00,76504.5,M174,D1018,Offline,1
T00207,62662,2025-02-17 19:16:00,17566.38,M972,D3242,Offline,0
T00208,22688,2025-02-20 04:18:00,50306.35,M815,D7318,Offline,0
T00209,35342,2025-01-28 18:26:00,39926.44,M660,D6097,Online,0
T00210,47157,2025-01-17 18:40:00,14722.76,M690,D9640,Offline,0
T00211,77863,2025-03-01 10:35:00,36816.69,M540,D2948,Online,0
T00212,62083,2025-02-24 22:31:00,6910.41,M340,D6618,Offline,0
T00213,75733,2025-02-15 02:09:00,2678.61,M960,D5236,Offline,0
T00214,99045,2025-02-21 01:06:00,13603.11,M253,D7901,Offline,1
T00215,44698,2025-01-25 05:51:00,96315.2,M885,D2920,Offline,1
T00216,90623,2025-01-23 02:21:00,54998.0,M195,D5188,Online,0
T00217,32671,2025-02-22 02:39:00,96585.63,M825,D1238,Online,1
T00218,35184,2025-02-12 00:55:00,43306.54,M393,D1204,Offline,0
T00219,52107,2025-02-28 15:38:00,31250.43,M308,D6552,Online,0
T00220,96202,2025-01-09 10:55:00,50663.57,M442,D5927,Offline,0
T00221,61663,2025-02-08 00:51:00,44007.22,M187,D5390,Offline,0
T00222,25708,2025-02-16 01:58:00,10655.9,M917,D3687,Online,0
T00223,59811,2025-01-13 00:47:00,64118.55,M875,D5951,Online,0
T00224,12811,2025-02-02 16:17:00,21682.21,M489,D7160,Offline,0
T00225,66250,2025-01-05 06:30:00,61996.84,M424,D6388,Offline,0
T00226,82082,2025-01-04 01:45:00,65055.09,M988,D6126,Online,0
T00227,44754,2025-01-12 03:12:00,15287.28,M931,D1816,Offline,0
T00228,21411,2025-01-02 12:38:00,6228.83,M256,D1192,Online,0
T00229,12911,2025-02-12 00:20:00,78098.08,M767,D2776,Offline,1
T00230,77270,2025-02-07 01:54:00,46034.06,M750,D4645,Offline,0
T00231,93763,2025-01-14 22:39:00,5910.56,M732,D7314,Online,0
T00232,18680,2025-01-26 03:40:00,99487.15,M676,D9442,Online,1
T00233,94896,2025-01-30 01:54:00,5872.28,M718,D2788,Online,0
T00234,93879,2025-01-10 14:59:00,69534.02,M758,D8374,Offline,0
T00235,81295,2025-02-05 01:00:00,98369.52,M236,D4700,Offline,1
T00236,98614,2025-01-22 19:39:00,23994.09,M773,D4893,Offline,0
T00237,21111,2025-01-07 01:05:00,14310.71,M527,D7811,Offline,0
T00238,47504,2025-01-30 18:40:00,12226.36,M551,D3679,Online,0
T00239,11802,2025-01-17 03:16:00,30397.19,M711,D4904,Offline,0
T00240,18155,2025-03-01 09:14:00,10194.48,M949,D8260,Offline,0
T00241,83656,2025-01-11 15:58:00,69246.92,M918,D1504,Offline,0
T00242,49384,2025-02-23 09:58:00,6322.95,M240,D7773,Online,0
T00243,57254,2025-01-11 03:16:00,50991.27,M182,D4816,Offline,0
T00244,31918,2025-01-24 07:32:00,99670.02,M276,D1717,Offline,1
T00245,95981,2025-02-24 16:37:00,81415.63,M297,D5434,Online,1
T00246,70713,2025-01-01 21:19:00,61560.42,M723,D1658,Offline,0
T00247,40306,2025-02-13 21:17:00,30694.74,M667,D6057,Offline,0
T00248,26646,2025-02-13 09:56:00,62427.19,M790,D5008,Online,0
T00249,56843,2025-01-05 22:03:00,52751.44,M520,D5994,Offline,0
T00250,26371,2025-01-13 08:11:00,42665.73,M500,D5234,Offline,0
T00251,87371,2025-01-21 19:35:00,13157.97,M797,D4764,Offline,0
T00252,12049,2025-02-01 16:48:00,88671.76,M570,D5637,Online,1
T00253,41616,2025-02-03 12:45:00,45033.49,M317,D3104,Offline,0
T00254,30932,2025-01-14 05:43:00,19542.79,M927,D7801,Offline,0
T00255,39855,2025-02-16 23:22:00,36839.16,M828,D9575,Online,0
T00256,71434,2025-03-01 19:43:00,41471.56,M731,D3607,Online,0
T00257,82694,2025-01-27 02:39:00,82771.04,M274,D9385,Offline,1
T00258,53016,2025-02-06 01:20:00,73388.08,M122,D4719,Offline,1
T00259,17400,2025-01-20 19:29:00,76953.56,M824,D3581,Offline,1
T00260,52642,2025-01-25 23:14:00,1202.02,M334,D3565,Offline,0
T00261,25151,2025-01-20 08:16:00,41673.78,M112,D3763,Online,0
T00262,61407,2025-01-02 18:53:00,48186.28,M200,D7328,Offline,0
T00263,76690,2025-02-24 09:44:00,2017.31,M635,D6991,Online,0
T00264,14499,2025-01-25 13:27:00,26055.34,M975,D4406,Online,0
T00265,16295,2025-02-12 04:54:00,76052.95,M622,D9923,Offline,1
T00266,69040,2025-01-17 11:52:00,13797.26,M884,D5780,Offline,0
T00267,22183,2025-02-08 05:09:00,53577.48,M551,D5177,Online,0
T00268,39299,2025-01-13 06:45:00,21598.67,M530,D7476,Online,0
T00269,22874,2025-02-05 21:33:00,1310.87,M892,D3604,Offline,0
T00270,42711,2025-02-08 20:41:00,24196.03,M705,D9181,Online,0
T00271,15539,2025-02-23 09:48:00,97589.79,M812,D3382,Offline,1
T00272,63351,2025-02-21 18:12:00,80173.56,M632,D1531,Offline,1
T00273,71267,2025-02-26 22:34:00,95961.71,M951,D7079,Online,1
T00274,58354,2025-02-08 23:33:00,48836.62,M822,D1634,Online,0
T00275,12557,2025-02-12 13:08:00,11062.65,M751,D1002,Offline,0
T00276,48360,2025-01-27 13:23:00,54841.15,M392,D9397,Online,0
T00277,92018,2025-02-09 20:24:00,45492.3,M909,D6951,Offline,0
T00278,12200,2025-01-22 23:33:00,84451.27,M200,D6626,Offline,1
T00279,78497,2025-01-19 12:17:00,9898.45,M601,D8739,Offline,0
T00280,56975,2025-01-28 17:52:00,48875.29,M403,D7003,Online,0
T00281,31357,2025-01-16 09:40:00,15089.86,M970,D3890,Offline,0
T00282,87505,2025-02-24 10:51:00,32535.13,M639,D7239,Offline,0
T00283,12869,2025-01-02 03:02:00,73761.97,M652,D9026,Offline,1
T00284,71135,2025-02-03 20:36:00,47654.21,M454,D4306,Offline,0
T00285,60108,2025-01-29 08:09:00,37651.24,M402,D1897,Offline,0
T00286,48467,2025-01-12 14:45:00,39508.18,M595,D1670,Offline,0
T00287,33328,2025-02-12 15:16:00,45998.73,M757,D8291,Offline,0
T00288,96831,2025-02-05 13:46:00,78523.15,M867,D2505,Offline,1
T00289,13987,2025-02-26 09:02:00,89219.26,M326,D7460,Offline,1
T00290,68871,2025-02-27 08:05:00,95537.94,M335,D6167,Offline,1
T00291,32399,2025-01-21 10:02:00,78711.65,M972,D6255,Offline,1
T00292,56214,2025-01-03 23:03:00,31609.15,M991,D1249,Online,0
T00293,96416,2025-02-02 12:28:00,68844.66,M554,D7457,Offline,0
T00294,80271,2025-02-03 06:44:00,43816.55,M112,D2892,Offline,0
T00295,54064,2025-02-21 12:22:00,25541.6,M309,D4439,Offline,0
T00296,80091,2025-02-11 00:12:00,84103.07,M840,D3854,Online,1
T00297,50818,2025-01-09 02:24:00,3938.79,M496,D4792,Offline,1
T00298,55525,2025-01-25 19:37:00,90186.02,M199,D6330,Online,1
T00299,29830,2025-01-21 09:33:00,46201.6,M130,D8871,Offline,0
T00300,27429,2025-01-26 06:37:00,63756.43,M997,D9235,Offline,0
T00301,16893,2025-03-01 19:45:00,65969.46,M627,D4612,Online,0
T00302,89909,2025-01-27 21:09:00,89522.26,M748,D3618,Offline,1
T00303,57333,2025-02-12 10:40:00,63703.3,M428,D5678,Online,1
T00304,13436,2025-01-14 08:50:00,61431.97,M265,D4163,Online,0
T00305,84290,2025-01-15 16:52:00,6758.54,M558,D3942,Offline,0
T00306,86213,2025-01-09 00:35:00,51888.96,M921,D9411,Offline,0
T00307,15895,2025-02-24 14:17:00,15101.88,M199,D2925,Offline,0
T00308,29738,2025-02-06 23:56:00,73769.63,M720,D3972,Offline,1
T00309,40746,2025-02-09 22:12:00,51270.97,M954,D1990,Online,0
T00310,59377,2025-02-06 19:22:00,68054.76,M272,D2812,Online,0
T00311,58404,2025-02-20 05:55:00,4263.12,M848,D9995,Offline,0
T00312,64045,2025-01-18 04:42:00,8570.72,M261,D1489,Online,0
T00313,49790,2025-01-08 16:06:00,71660.71,M827,D6876,Online,1
T00314,15600,2025-01-20 23:29:00,7301.23,M875,D4645,Offline,0
T00315,50764,2025-02-07 00:22:00,7218.55,M362,D8081,Online,0
T00316,84543,2025-01-17 01:50:00,1309.64,M903,D3891,Online,0
T00317,55714,2025-02-17 09:27:00,95654.49,M373,D4516,Offline,1
T00318,66835,2025-01-04 08:53:00,73777.09,M102,D4340,Online,1
T00319,83744,2025-01-16 03:12:00,35389.82,M127,D7410,Offline,0
T00320,66491,2025-02-11 01:29:00,29723.9,M425,D1053,Online,0
T00321,28589,2025-02-21 17:18:00,35035.35,M248,D3575,Offline,0
T00322,53484,2025-02-16 17:38:00,77487.89,M639,D1615,Online,1
T00323,92989,2025-01-23 05:07:00,66170.92,M587,D6944,Online,0
T00324,46212,2025-01-12 00:10:00,18601.04,M921,D8404,Offline,0
T00325,53525,2025-01-09 09:52:00,17493.52,M537,D1954,Offline,0
T00326,57202,2025-01-17 16:58:00,9929.73,M164,D2629,Offline,0
T00327,42635,2025-02-01 13:00:00,66064.24,M455,D7859,Offline,0
T00328,73208,2025-01-28 00:10:00,76460.83,M632,D9841,Online,1
T00329,43828,2025-02-15 20:17:00,26578.14,M351,D4278,Online,0
T00330,28711,2025-02-02 20:24:00,2192.4,M334,D6455,Online,0
T00331,13420,2025-01-23 20:41:00,8308.95,M326,D4801,Offline,0
T00332,10301,2025-01-02 01:24:00,96789.22,M624,D3561,Online,1
T00333,55236,2025-01-11 10:48:00,29614.93,M412,D7539,Online,0
T00334,76235,2025-01-25 09:11:00,76945.39,M148,D1370,Offline,1
T00335,64240,2025-01-27 07:44:00,62503.89,M217,D1857,Offline,0
T00336,75726,2025-02-08 03:12:00,38255.77,M153,D5886,Online,0
T00337,20492,2025-01-24 14:48:00,20648.16,M749,D8485,Offline,0
T00338,16102,2025-01-01 01:00:00,12226.5,M664,D1383,Online,0
T00339,60336,2025-02-21 20:26:00,61539.8,M143,D5334,Online,1
T00340,95314,2025-02-28 00:39:00,77485.91,M914,D5290,Offline,1
T00341,36641,2025-02-08 10:17:00,64426.03,M152,D3725,Online,0
T00342,44584,2025-01-10 06:30:00,53077.18,M685,D7204,Offline,0
T00343,42745,2025-01-17 21:54:00,4290.93,M657,D7111,Offline,0
T00344,33093,2025-02-01 09:06:00,96852.03,M624,D5251,Online,1
T00345,76105,2025-01-20 13:05:00,79891.55,M776,D1922,Online,1
T00346,61885,2025-01-24 15:00:00,29352.92,M201,D3915,Online,0
T00347,46631,2025-03-01 19:23:00,97999.04,M891,D8957,Offline,1
T00348,82991,2025-02-22 05:06:00,60227.97,M869,D4046,Online,0
T00349,14014,2025-03-01 08:29:00,58284.02,M948,D2230,Offline,0
T00350,21093,2025-01-15 07:01:00,74832.51,M967,D8647,Offline,1
T00351,28070,2025-01-17 00:11:00,81195.8,M497,D5933,Online,1
T00352,45777,2025-02-05 17:54:00,65682.21,M237,D4940,Offline,0
T00353,66958,2025-02-18 08:26:00,12896.77,M774,D7483,Online,0
T00354,92074,2025-01-05 20:00:00,33892.92,M486,D1203,Online,0
T00355,20729,2025-01-25 20:12:00,92815.56,M210,D1160,Online,1
T00356,55017,2025-01-15 22:40:00,22539.1,M713,D9960,Online,0
T00357,76320,2025-02-04 08:41:00,37279.49,M116,D4748,Online,0
T00358,37751,2025-01-26 06:48:00,43264.48,M879,D7718,Online,0
T00359,88069,2025-02-09 16:14:00,43996.56,M281,D3581,Online,0
T00360,64748,2025-01-15 05:31:00,61332.66,M983,D2093,Offline,0
T00361,15801,2025-01-01 22:21:00,94313.28,M635,D5500,Online,1
T00362,29190,2025-01-31 23:43:00,24145.2,M640,D9799,Offline,0
T00363,59689,2025-01-01 05:38:00,12237.99,M270,D6710,Offline,0
T00364,60993,2025-02-19 14:31:00,19827.3,M508,D3875,Offline,0
T00365,39592,2025-01-09 12:14:00,88703.8,M839,D4191,Online,1
T00366,20647,2025-02-06 00:20:00,64616.5,M477,D2837,Offline,0
T00367,18716,2025-01-08 21:04:00,28662.09,M287,D1689,Offline,0
T00368,98891,2025-01-02 05:10:00,81613.1,M957,D4759,Online,1
T00369,97545,2025-02-08 00:36:00,86150.86,M329,D3103,Online,1
T00370,99912,2025-02-17 04:37:00,84666.78,M932,D1365,Offline,1
T00371,80316,2025-02-10 07:33:00,91900.76,M951,D9092,Online,1
T00372,12368,2025-02-19 04:55:00,25298.88,M218,D5172,Online,0
T00373,87575,2025-01-12 00:56:00,75528.69,M255,D7033,Online,1
T00374,16655,2025-02-08 17:21:00,46107.9,M883,D3378,Online,0
T00375,80031,2025-02-13 10:32:00,84215.66,M786,D2205,Offline,1
T00376,86429,2025-02-23 18:54:00,72876.22,M564,D5988,Online,1
T00377,97922,2025-01-20 09:35:00,77667.1,M203,D6669,Online,1
T00378,65766,2025-01-27 03:21:00,65650.57,M703,D3735,Online,0
T00379,23403,2025-01-21 15:11:00,17825.13,M797,D9490,Offline,0
T00380,42097,2025-02-18 20:22:00,54548.19,M894,D1956,Offline,0
T00381,88657,2025-01-09 11:02:00,98468.51,M601,D7623,Online,1
T00382,20966,2025-02-09 01:56:00,93745.07,M792,D2474,Online,1
T00383,62921,2025-01-14 13:41:00,4413.06,M781,D5460,Offline,0
T00384,59726,2025-02-27 03:50:00,16565.0,M798,D8002,Online,0
T00385,60300,2025-02-01 02:53:00,13259.7,M274,D7396,Online,0
T00386,32677,2025-01-26 19:58:00,72625.39,M833,D3828,Offline,1
T00387,65609,2025-01-07 03:00:00,81796.75,M844,D3850,Online,1
T00388,66661,2025-01-17 17:10:00,21429.79,M773,D3964,Online,0
T00389,41024,2025-02-18 10:48:00,50634.68,M520,D5594,Offline,0
T00390,80313,2025-01-08 17:22:00,84086.23,M233,D7644,Offline,1
T00391,63006,2025-02-25 22:39:00,73306.87,M490,D3850,Online,1
T00392,25338,2025-02-21 01:43:00,54269.5,M835,D1165,Offline,0
T00393,78027,2025-02-27 22:41:00,59075.73,M600,D1919,Online,0
T00394,90135,2025-01-30 00:26:00,50885.22,M764,D9305,Online,0
T00395,29508,2025-01-05 16:17:00,29825.09,M132,D4504,Online,0
T00396,13051,2025-01-26 01:02:00,56545.7,M154,D1991,Offline,0
T00397,58747,2025-02-07 15:57:00,68919.64,M618,D7047,Offline,0
T00398,97142,2025-02-05 19:31:00,87344.96,M855,D4839,Online,1
T00399,97235,2025-01-18 17:10:00,63665.51,M924,D2258,Online,0
T00400,64021,2025-01-14 11:46:00,76136.04,M737,D8609,Offline,1
T00401,76412,2025-01-26 21:05:00,16091.16,M111,D9706,Offline,0
T00402,68335,2025-01-13 09:30:00,46209.59,M627,D5804,Offline,0
T00403,66179,2025-02-15 22:30:00,1032.23,M819,D1067,Online,0
T00404,42093,2025-02-22 00:30:00,24743.22,M654,D6660,Offline,0
T00405,79678,2025-02-06 08:55:00,72673.53,M472,D5478,Offline,1
T00406,90738,2025-01-25 14:35:00,99181.81,M583,D9210,Online,1
T00407,49734,2025-02-09 16:12:00,10007.89,M746,D4521,Online,0
T00408,82615,2025-02-24 19:45:00,40209.28,M327,D1572,Online,0
T00409,83523,2025-02-26 23:30:00,80027.09,M722,D8082,Offline,1
T00410,27019,2025-01-03 01:43:00,20483.16,M406,D8832,Online,0
T00411,93613,2025-01-15 08:22:00,55552.99,M556,D6395,Online,0
T00412,96672,2025-01-17 07:50:00,73333.82,M259,D3258,Online,1
T00413,83847,2025-02-24 07:07:00,61636.95,M430,D7039,Online,0
T00414,92750,2025-01-29 11:18:00,18883.67,M875,D1650,Offline,0
T00415,89634,2025-02-09 11:26:00,35602.92,M324,D6741,Online,1
T00416,38251,2025-01-05 14:40:00,78400.8,M828,D7838,Offline,1
T00417,35945,2025-01-31 22:27:00,55467.23,M603,D3587,Offline,0
T00418,42217,2025-02-07 22:20:00,622.44,M555,D8876,Offline,0
T00419,18308,2025-01-11 15:17:00,76122.98,M144,D4262,Online,1
T00420,15949,2025-01-06 06:04:00,3627.6,M313,D2338,Offline,0
T00421,61990,2025-01-19 23:45:00,74598.8,M158,D5996,Online,1
T00422,11150,2025-02-25 01:13:00,20327.81,M743,D6780,Online,0
T00423,99480,2025-02-21 23:39:00,95811.54,M715,D3827,Online,1
T00424,84740,2025-02-26 02:05:00,36857.28,M294,D6232,Offline,0
T00425,76617,2025-02-21 09:58:00,32760.47,M588,D3217,Online,0
T00426,26896,2025-02-06 09:13:00,14973.92,M256,D4539,Online,0
T00427,56175,2025-02-15 21:21:00,30629.86,M709,D8845,Online,1
T00428,17805,2025-01-21 10:30:00,87677.41,M325,D5383,Offline,1
T00429,15237,2025-02-22 10:52:00,99633.8,M511,D3961,Offline,1
T00430,30056,2025-01-20 07:08:00,36894.12,M304,D4226,Offline,0
T00431,55543,2025-02-03 17:03:00,44916.2,M178,D7837,Online,0
T00432,66556,2025-01-10 15:59:00,72234.89,M223,D8031,Offline,1
T00433,13343,2025-02-18 03:46:00,88630.96,M570,D4716,Online,1
T00434,23500,2025-01-28 18:14:00,59345.13,M317,D4414,Online,0
T00435,63222,2025-01-12 08:51:00,39213.42,M615,D2448,Offline,0
T00436,39375,2025-02-01 07:24:00,41320.92,M701,D1570,Online,0
T00437,19662,2025-01-21 13:49:00,69592.25,M203,D3904,Offline,0
T00438,26964,2025-02-05 13:04:00,421.5,M492,D3505,Online,0
T00439,69638,2025-02-12 23:56:00,61996.97,M730,D1917,Offline,0
T00440,83666,2025-02-21 08:52:00,35613.75,M744,D7982,Online,0
T00441,95067,2025-02-13 04:27:00,79440.31,M923,D8427,Online,1
T00442,77215,2025-01-10 00:24:00,9389.76,M707,D7336,Online,0
T00443,79042,2025-01-23 22:39:00,58861.41,M533,D2678,Online,0
T00444,23284,2025-03-01 07:51:00,48149.19,M430,D1615,Online,0
T00445,82789,2025-02-28 02:51:00,64268.32,M242,D8086,Offline,0
T00446,94664,2025-02-10 16:46:00,6578.87,M899,D5749,Online,0
T00447,71389,2025-01-08 08:56:00,58040.38,M639,D4505,Offline,0
T00448,19435,2025-02-04 18:32:00,56192.31,M377,D5529,Offline,0
T00449,64340,2025-01-18 01:34:00,56109.94,M332,D2135,Offline,0
T00450,54078,2025-01-03 09:10:00,60388.42,M628,D9566,Online,0
T00451,88832,2025-01-09 19:16:00,67679.15,M670,D8226,Online,0
T00452,61293,2025-01-08 12:16:00,80518.4,M189,D6162,Online,1
T00453,88781,2025-01-23 17:33:00,27055.09,M591,D1206,Offline,0
T00454,70403,2025-03-01 12:00:00,82522.44,M298,D5875,Online,1
T00455,39124,2025-01-02 10:10:00,49875.74,M461,D2319,Online,0
T00456,53919,2025-01-24 13:33:00,7798.12,M540,D2141,Offline,0
T00457,45247,2025-01-18 07:51:00,5949.24,M125,D5627,Offline,0
T00458,72752,2025-01-23 12:13:00,33490.41,M124,D8389,Offline,0
T00459,66573,2025-01-25 04:01:00,78511.21,M493,D3690,Offline,1
T00460,69101,2025-02-08 14:59:00,70797.33,M606,D8323,Offline,1
T00461,36646,2025-01-23 20:33:00,78882.63,M400,D4255,Offline,1
T00462,33049,2025-01-29 04:40:00,51775.18,M438,D9281,Online,0
T00463,89605,2025-02-10 02:55:00,44075.88,M366,D6213,Offline,0
T00464,78385,2025-01-25 14:00:00,14830.51,M560,D5108,Online,0
T00465,50158,2025-01-04 02:54:00,32886.46,M792,D4020,Online,0
T00466,75417,2025-02-26 00:48:00,43458.53,M555,D2857,Online,0
T00467,33289,2025-02-21 20:51:00,8951.18,M459,D9996,Offline,0
T00468,19823,2025-01-30 20:41:00,22139.13,M167,D3789,Online,0
T00469,70160,2025-02-16 18:44:00,59862.71,M962,D4875,Offline,0
T00470,51975,2025-02-01 06:28:00,73592.75,M511,D8605,Offline,1
T00471,19540,2025-01-27 02:13:00,99834.92,M590,D9135,Online,1
T00472,26364,2025-01-01 13:26:00,93318.02,M932,D7055,Offline,1
T00473,14611,2025-02-09 07:58:00,64292.26,M148,D4882,Online,0
T00474,37663,2025-01-21 15:57:00,42182.68,M786,D8175,Online,0
T00475,61991,2025-01-25 01:16:00,63654.12,M663,D8129,Offline,0
T00476,67679,2025-02-25 14:57:00,78586.6,M201,D6021,Online,1
T00477,40977,2025-02-03 12:40:00,11921.79,M315,D5735,Online,0
T00478,59115,2025-01-17 20:22:00,41049.5,M537,D3387,Online,0
T00479,98223,2025-02-25 20:35:00,83996.25,M799,D7582,Offline,1
T00480,70890,2025-02-13 04:51:00,38444.91,M668,D6866,Online,0
T00481,76387,2025-02-08 02:02:00,57230.04,M658,D3566,Offline,0
T00482,28071,2025-02-09 13:39:00,58818.16,M258,D1975,Offline,0
T00483,69275,2025-02-26 13:50:00,18529.18,M588,D8212,Online,0
T00484,82369,2025-01-27 12:37:00,36287.32,M785,D2262,Online,0
T00485,21938,2025-01-30 01:24:00,33517.68,M341,D6047,Offline,0
T00486,45195,2025-02-14 23:14:00,2717.05,M893,D8382,Offline,0
T00487,14000,2025-01-24 17:17:00,2516.76,M852,D7231,Online,0
T00488,80588,2025-02-23 13:29:00,83186.53,M981,D4327,Online,1
T00489,48304,2025-01-28 19:22:00,27379.77,M104,D6630,Offline,0
T00490,79449,2025-02-12 19:45:00,51856.07,M695,D3259,Offline,0
T00491,92986,2025-02-27 12:56:00,29942.68,M919,D2257,Offline,0
T00492,99643,2025-01-20 00:16:00,94073.86,M460,D1464,Offline,1
T00493,30764,2025-02-08 13:54:00,26003.75,M558,D4294,Offline,0
T00494,96027,2025-01-10 20:39:00,43022.72,M347,D7774,Online,0
T00495,48494,2025-02-26 12:52:00,87285.75,M665,D8431,Offline,1
T00496,13373,2025-02-05 09:08:00,84209.16,M772,D2230,Offline,1
T00497,22161,2025-02-21 05:41:00,18691.53,M521,D4805,Online,0
T00498,37350,2025-02-20 12:30:00,80284.07,M837,D7419,Online,1
T00499,35351,2025-02-16 00:22:00,45872.87,M114,D6750,Offline,0
T00500,98668,2025-02-02 08:40:00,48348.59,M835,D4856,Offline,0
T00501,25305,2025-02-23 09:38:00,13434.65,M672,D4135,Online,0
T00502,85353,2025-02-13 09:23:00,8152.09,M221,D7953,Offline,0
T00503,86797,2025-01-13 16:57:00,72821.14,M376,D7034,Offline,1
T00504,75953,2025-01-22 03:28:00,49696.47,M657,D5589,Online,0
T00505,67458,2025-01-19 04:12:00,43741.39,M552,D2546,Offline,1
T00506,30358,2025-01-30 18:34:00,72977.87,M489,D7065,Online,1
T00507,13267,2025-01-06 07:37:00,76574.74,M393,D2094,Online,1
T00508,92745,2025-02-28 14:26:00,15974.93,M673,D3411,Online,0
T00509,99588,2025-01-18 15:45:00,61061.49,M697,D3617,Online,0
T00510,48513,2025-01-19 12:45:00,13621.87,M545,D9954,Offline,0
T00511,36092,2025-01-18 01:38:00,75162.37,M309,D5145,Online,1
T00512,21338,2025-01-21 00:31:00,65729.82,M689,D3775,Offline,0
T00513,10412,2025-01-06 11:46:00,95665.8,M813,D7628,Offline,1
T00514,17543,2025-02-12 15:33:00,6988.91,M401,D4155,Offline,0
T00515,43496,2025-02-07 12:28:00,5799.77,M322,D4970,Offline,0
T00516,70692,2025-01-06 01:27:00,28290.49,M833,D8972,Offline,0
T00517,99084,2025-01-24 09:00:00,26244.4,M102,D9775,Online,0
T00518,54425,2025-02-22 14:38:00,24773.18,M617,D6415,Online,0
T00519,48756,2025-02-12 00:24:00,90634.83,M192,D5331,Online,1
T00520,28888,2025-02-11 11:20:00,25029.67,M619,D2942,Online,0
T00521,45735,2025-01-25 02:21:00,27267.78,M527,D7026,Offline,0
T00522,57295,2025-02-27 20:20:00,75963.89,M592,D9301,Online,1
T00523,93042,2025-01-13 06:34:00,45029.01,M334,D1191,Offline,0
T00524,95999,2025-02-28 00:40:00,77693.38,M719,D1861,Offline,1
T00525,27955,2025-01-17 13:54:00,6630.08,M260,D7711,Online,0
T00526,47841,2025-01-31 07:22:00,48808.36,M820,D1649,Online,0
T00527,80640,2025-02-15 06:00:00,3458.0,M851,D5134,Online,0
T00528,75510,2025-01-13 05:22:00,6359.06,M430,D8587,Online,0
T00529,44911,2025-01-19 00:11:00,90653.1,M432,D9828,Offline,1
T00530,69031,2025-01-21 06:32:00,14010.61,M149,D2036,Offline,0
T00531,98726,2025-02-02 07:42:00,53288.83,M622,D5131,Online,0
T00532,17357,2025-01-30 12:40:00,41168.45,M962,D3148,Offline,0
T00533,42479,2025-02-14 23:32:00,34799.6,M767,D6457,Offline,0
T00534,71476,2025-02-10 19:22:00,89993.35,M591,D7079,Offline,1
T00535,54811,2025-02-04 19:06:00,2280.16,M681,D3430,Online,0
T00536,46208,2025-02-26 08:01:00,66412.59,M780,D2879,Offline,0
T00537,30150,2025-01-18 17:59:00,96343.1,M371,D8542,Online,1
T00538,81180,2025-01-24 10:22:00,56060.8,M679,D3011,Online,0
T00539,53286,2025-02-18 09:09:00,93688.56,M966,D4373,Offline,1
T00540,78450,2025-02-25 16:39:00,5320.56,M351,D8357,Offline,0
T00541,31352,2025-01-16 02:34:00,41937.45,M659,D2289,Online,0
T00542,65069,2025-01-03 18:12:00,26089.76,M795,D2447,Offline,0
T00543,24397,2025-02-19 04:31:00,73109.01,M931,D4199,Offline,1
T00544,51555,2025-01-30 01:53:00,98131.58,M798,D7381,Online,1
T00545,56959,2025-01-07 21:03:00,25727.35,M189,D8522,Online,0
T00546,10728,2025-01-03 02:20:00,65452.04,M545,D7059,Online,0
T00547,60517,2025-01-29 23:55:00,19889.95,M431,D4183,Online,0
T00548,76234,2025-03-01 16:36:00,56576.49,M238,D6462,Offline,0
T00549,49954,2025-02-01 16:48:00,46446.86,M456,D4216,Offline,0
T00550,57280,2025-01-07 14:36:00,97203.33,M700,D4136,Online,1
T00551,89459,2025-01-02 15:56:00,60891.87,M373,D4318,Online,0
T00552,26779,2025-02-28 09:22:00,35015.69,M118,D3782,Online,0
T00553,73932,2025-01-14 06:49:00,11498.17,M410,D8657,Offline,0
T00554,82936,2025-01-02 02:31:00,15209.56,M969,D5920,Online,0
T00555,34466,2025-01-08 20:23:00,22609.16,M985,D7324,Offline,0
T00556,46939,2025-01-22 05:21:00,25171.57,M253,D7327,Online,0
T00557,79896,2025-02-19 19:19:00,85076.54,M489,D9417,Online,1
T00558,45270,2025-03-01 21:11:00,56166.16,M359,D1776,Online,0
T00559,69163,2025-01-06 01:54:00,52386.75,M719,D6208,Offline,0
T00560,92637,2025-01-14 15:03:00,11565.41,M982,D1687,Offline,0
T00561,61934,2025-02-16 23:55:00,86027.96,M896,D1529,Offline,1
T00562,74895,2025-02-15 04:42:00,72309.15,M670,D6067,Online,1
T00563,42307,2025-02-28 01:44:00,6860.07,M224,D9080,Offline,0
T00564,64098,2025-01-24 00:10:00,70812.73,M453,D6518,Offline,1
T00565,70921,2025-02-05 22:36:00,54399.47,M372,D3153,Online,0
T00566,15486,2025-01-19 06:12:00,8264.36,M718,D7094,Online,0
T00567,18335,2025-03-01 20:46:00,45884.23,M910,D7974,Offline,0
T00568,96900,2025-02-18 02:34:00,48521.16,M344,D5774,Offline,0
T00569,99112,2025-01-02 17:09:00,16660.88,M947,D8692,Offline,0
T00570,21130,2025-02-07 11:07:00,94575.24,M549,D4103,Offline,1
T00571,97508,2025-01-16 15:34:00,85012.54,M346,D3440,Online,1
T00572,70566,2025-02-14 04:20:00,66935.33,M619,D5135,Online,0
T00573,76703,2025-02-03 22:34:00,46283.33,M240,D8124,Online,0
T00574,37192,2025-02-04 12:28:00,41235.38,M461,D6201,Offline,0
T00575,11062,2025-02-21 18:33:00,65132.25,M107,D1844,Offline,0
T00576,94076,2025-02-17 11:04:00,54588.64,M577,D1446,Online,0
T00577,99780,2025-02-04 02:58:00,6321.08,M451,D4915,Online,0
T00578,31545,2025-02-07 17:02:00,51299.01,M594,D4109,Offline,0
T00579,31689,2025-02-03 01:58:00,80659.72,M705,D2234,Offline,1
T00580,21174,2025-02-24 08:09:00,45978.06,M932,D7587,Online,0
T00581,98461,2025-01-02 21:19:00,5290.46,M526,D1226,Online,0
T00582,19348,2025-01-16 21:30:00,78649.19,M138,D5143,Online,1
T00583,33714,2025-02-23 15:16:00,20216.24,M692,D8185,Offline,0
T00584,48102,2025-01-26 08:29:00,25936.22,M286,D6558,Offline,0
T00585,84460,2025-01-30 12:54:00,16554.16,M695,D1186,Offline,0
T00586,99930,2025-01-14 01:07:00,33088.48,M699,D3535,Offline,0
T00587,16801,2025-02-03 22:05:00,75699.48,M853,D2932,Offline,1
T00588,82267,2025-02-10 05:32:00,51986.65,M953,D3032,Offline,0
T00589,58136,2025-01-23 23:02:00,20567.64,M192,D2252,Online,0
T00590,33625,2025-02-22 13:53:00,87795.22,M185,D6509,Online,1
T00591,92873,2025-02-11 23:41:00,87970.23,M143,D6074,Offline,1
T00592,82592,2025-02-22 08:58:00,87070.78,M236,D2881,Online,1
T00593,87052,2025-02-16 07:12:00,23955.74,M520,D1269,Offline,0
T00594,54261,2025-01-25 04:32:00,45178.81,M173,D2630,Online,0
T00595,11542,2025-01-23 04:46:00,98500.47,M647,D5405,Offline,1
T00596,31677,2025-02-20 09:05:00,77224.05,M712,D7139,Online,1
T00597,56732,2025-01-10 00:27:00,2814.03,M611,D2574,Online,0
T00598,60343,2025-01-26 21:51:00,6613.94,M255,D2695,Offline,0
T00599,49081,2025-01-22 22:15:00,46446.74,M354,D4258,Offline,0
T00600,72856,2025-02-14 08:12:00,90931.1,M270,D4262,Online,1
T00601,98858,2025-01-01 16:47:00,53916.31,M827,D2445,Online,0
T00602,29065,2025-02-19 07:01:00,49831.47,M269,D7263,Offline,0
T00603,93460,2025-02-22 22:42:00,10636.82,M863,D9411,Online,0
T00604,98092,2025-02-02 23:57:00,65712.33,M971,D1052,Offline,0
T00605,64693,2025-01-21 07:37:00,82228.11,M421,D6570,Offline,1
T00606,36962,2025-01-30 07:27:00,38103.96,M666,D8579,Online,0
T00607,38295,2025-01-10 05:21:00,77583.62,M555,D2666,Offline,1
T00608,23807,2025-02-12 12:46:00,96451.22,M702,D7901,Online,1
T00609,52348,2025-01-01 23:55:00,20456.27,M889,D3785,Online,0
T00610,36432,2025-01-19 12:20:00,52380.63,M712,D1719,Offline,0
T00611,93285,2025-01-04 12:44:00,28785.08,M254,D9597,Online,0
T00612,67854,2025-02-27 01:57:00,79306.16,M988,D7855,Offline,1
T00613,50262,2025-01-10 09:07:00,57801.58,M448,D3294,Offline,0
T00614,47080,2025-02-20 09:55:00,63494.78,M550,D9263,Offline,0
T00615,11324,2025-02-28 04:47:00,79811.62,M975,D5482,Online,1
T00616,45909,2025-02-01 14:59:00,39657.45,M752,D1698,Offline,0
T00617,99339,2025-01-06 04:51:00,91517.5,M272,D8243,Online,1
T00618,29870,2025-02-04 20:32:00,53349.58,M109,D6918,Offline,0
T00619,44578,2025-02-25 19:55:00,15879.69,M839,D1348,Offline,0
T00620,82124,2025-02-14 08:48:00,69620.32,M364,D6374,Offline,0
T00621,36790,2025-02-21 02:49:00,79346.81,M537,D8869,Online,1
T00622,35289,2025-01-07 07:17:00,31744.49,M859,D1307,Online,0
T00623,65129,2025-01-15 13:13:00,85732.21,M346,D4416,Offline,1
T00624,25485,2025-02-23 09:59:00,90623.71,M766,D5820,Offline,1
T00625,54482,2025-02-17 03:29:00,27762.76,M645,D4558,Online,0
T00626,96188,2025-01-17 13:01:00,98353.8,M598,D5478,Online,1
T00627,14748,2025-01-27 02:07:00,14157.08,M228,D7531,Online,0
T00628,96769,2025-01-18 06:20:00,20281.37,M771,D5620,Offline,0
T00629,19435,2025-01-15 17:15:00,18504.06,M700,D3985,Online,0
T00630,13709,2025-02-23 19:15:00,89409.57,M704,D9112,Offline,1
T00631,40355,2025-01-15 21:07:00,65463.83,M426,D9467,Online,0
T00632,65771,2025-01-19 19:23:00,15295.22,M852,D3547,Offline,0
T00633,67799,2025-02-09 20:12:00,44088.31,M934,D1336,Offline,0
T00634,23116,2025-01-31 14:24:00,61568.27,M503,D3979,Offline,0
T00635,35470,2025-01-06 10:13:00,8438.06,M728,D4968,Online,0
T00636,52344,2025-01-22 22:38:00,88253.4,M705,D1910,Online,1
T00637,52918,2025-01-19 19:22:00,80379.99,M774,D2996,Online,1
T00638,62224,2025-01-21 07:21:00,50570.16,M710,D4129,Offline,0
T00639,49298,2025-01-31 22:49:00,96715.95,M724,D6447,Offline,1
T00640,90219,2025-01-09 03:45:00,41834.32,M458,D7129,Online,0
T00641,71629,2025-01-19 01:49:00,98412.62,M702,D6850,Offline,1
T00642,76040,2025-01-10 01:05:00,66825.21,M957,D5204,Offline,0
T00643,38016,2025-01-10 22:08:00,63503.66,M817,D8446,Offline,0
T00644,33960,2025-01-05 13:00:00,16678.89,M116,D9519,Online,0
T00645,43591,2025-02-26 21:58:00,88204.58,M373,D1314,Offline,1
T00646,92848,2025-02-17 19:58:00,42806.22,M784,D2134,Online,0
T00647,77641,2025-01-30 01:26:00,16307.12,M215,D5876,Online,0
T00648,46395,2025-02-22 17:32:00,1359.49,M960,D9102,Online,0
T00649,32700,2025-01-13 03:22:00,56019.59,M792,D9347,Online,0
T00650,44620,2025-01-17 06:11:00,52787.22,M190,D6592,Online,0
T00651,30559,2025-02-05 09:35:00,71963.43,M181,D2724,Offline,1
T00652,71642,2025-02-12 01:05:00,89036.78,M423,D4343,Online,1
T00653,86539,2025-02-24 17:17:00,8032.72,M213,D1886,Online,0
T00654,31732,2025-02-06 07:47:00,73176.5,M868,D1721,Online,1
T00655,40354,2025-01-03 03:33:00,18822.45,M157,D8678,Offline,0
T00656,23843,2025-02-23 15:38:00,85831.89,M253,D4357,Offline,1
T00657,81726,2025-01-16 07:22:00,81924.45,M976,D1870,Offline,1
T00658,27640,2025-02-06 18:10:00,54125.3,M503,D7751,Offline,0
T00659,62528,2025-01-31 20:13:00,71053.26,M727,D1497,Online,1
T00660,48413,2025-01-24 10:36:00,31503.58,M954,D2756,Online,1
T00661,62638,2025-02-06 23:48:00,47169.67,M365,D2117,Offline,0
T00662,62736,2025-01-28 05:34:00,82181.53,M414,D3828,Offline,1
T00663,78866,2025-02-26 20:31:00,45980.59,M814,D2647,Offline,0
T00664,29087,2025-01-20 20:42:00,35844.05,M140,D7992,Offline,0
T00665,51430,2025-02-07 00:51:00,49471.82,M204,D7771,Online,0
T00666,34504,2025-02-03 23:01:00,82842.1,M989,D1142,Offline,1
T00667,17114,2025-02-14 00:56:00,33587.28,M292,D3761,Offline,0
T00668,88859,2025-01-23 08:36:00,17458.78,M500,D4435,Offline,0
T00669,20975,2025-01-04 21:46:00,71230.2,M377,D7622,Offline,1
T00670,21023,2025-01-06 03:44:00,82615.22,M453,D8069,Offline,1
T00671,31447,2025-01-09 22:17:00,10153.68,M848,D5512,Offline,0
T00672,33959,2025-01-14 21:02:00,24063.42,M832,D2848,Offline,0
T00673,76203,2025-02-23 10:41:00,14283.0,M679,D3696,Online,0
T00674,39703,2025-01-02 09:00:00,34859.35,M808,D2717,Online,0
T00675,19337,2025-02-03 12:50:00,45090.06,M355,D4072,Online,0
T00676,56427,2025-01-19 08:31:00,74907.75,M750,D3786,Online,1
T00677,71529,2025-03-01 00:16:00,65149.64,M923,D4791,Online,0
T00678,94665,2025-02-27 10:31:00,62130.76,M760,D4871,Online,0
T00679,41921,2025-01-19 07:45:00,35302.26,M198,D2806,Offline,0
T00680,43307,2025-01-27 11:58:00,84160.61,M687,D2504,Offline,1
T00681,37355,2025-01-16 23:39:00,47181.59,M381,D4308,Online,0
T00682,14835,2025-01-13 22:39:00,97912.58,M982,D8117,Offline,1
T00683,30159,2025-03-01 09:30:00,63450.8,M502,D6048,Online,0
T00684,57605,2025-01-15 23:23:00,12713.85,M208,D9263,Offline,0
T00685,48088,2025-01-28 07:41:00,67650.14,M799,D2690,Offline,0
T00686,88752,2025-01-05 00:16:00,32577.89,M298,D4303,Offline,0
T00687,65284,2025-01-26 07:24:00,68664.09,M402,D4113,Offline,0
T00688,67043,2025-02-17 20:36:00,7057.15,M426,D8850,Offline,0
T00689,45547,2025-01-07 01:11:00,17570.66,M253,D7416,Offline,0
T00690,92844,2025-02-21 14:38:00,85588.15,M651,D2504,Online,1
T00691,37532,2025-02-27 14:50:00,22795.24,M744,D9924,Online,0
T00692,44349,2025-03-01 09:53:00,83720.41,M504,D4924,Offline,1
T00693,55445,2025-01-22 07:47:00,27999.68,M561,D9615,Online,0
T00694,15713,2025-01-28 03:50:00,64323.9,M231,D5485,Offline,0
T00695,66178,2025-02-12 21:48:00,69445.64,M890,D9100,Online,0
T00696,59407,2025-02-27 13:19:00,51314.21,M973,D9684,Offline,0
T00697,80340,2025-01-27 23:07:00,30600.54,M183,D1191,Online,0
T00698,60990,2025-01-04 22:15:00,21343.17,M498,D9690,Offline,0
T00699,85672,2025-02-01 03:39:00,3415.62,M853,D5917,Online,1
T00700,75545,2025-02-07 05:45:00,30464.25,M727,D6831,Offline,0
T00701,94791,2025-02-06 04:18:00,65350.96,M208,D5322,Online,0
T00702,68141,2025-01-11 14:11:00,93836.65,M320,D7999,Offline,1
T00703,33793,2025-01-01 08:46:00,87133.33,M652,D8282,Offline,1
T00704,66570,2025-02-17 18:00:00,76629.87,M467,D2874,Offline,1
T00705,47892,2025-02-03 05:17:00,78865.89,M246,D5763,Online,1
T00706,11015,2025-01-09 00:16:00,66531.99,M211,D9464,Online,0
T00707,71813,2025-01-20 19:41:00,26102.66,M714,D2051,Online,0
T00708,37712,2025-02-24 22:03:00,90728.78,M657,D8538,Offline,1
T00709,18415,2025-02-05 10:27:00,67106.16,M593,D8411,Online,0
T00710,72292,2025-01-24 23:31:00,56088.02,M604,D7320,Offline,0
T00711,33833,2025-01-07 01:12:00,11187.85,M574,D3105,Online,0
T00712,14158,2025-02-15 10:55:00,44760.85,M935,D1307,Online,0
T00713,72680,2025-02-21 21:44:00,46089.79,M989,D8737,Online,0
T00714,30309,2025-01-04 13:09:00,86469.9,M370,D4359,Online,1
T00715,16970,2025-02-04 05:08:00,54710.16,M520,D4176,Offline,0
T00716,82474,2025-02-07 22:15:00,38102.01,M996,D2251,Online,0
T00717,96704,2025-02-27 07:03:00,97682.35,M806,D6366,Online,1
T00718,56540,2025-01-21 15:59:00,11160.99,M466,D2517,Offline,0
T00719,30384,2025-03-01 12:28:00,42312.59,M379,D7226,Offline,0
T00720,28017,2025-02-11 17:52:00,4298.27,M382,D6305,Online,0
T00721,85880,2025-01-19 11:09:00,74016.42,M139,D6869,Online,1
T00722,18702,2025-01-21 20:15:00,91815.85,M288,D9039,Offline,1
T00723,10384,2025-01-21 03:29:00,28075.73,M263,D5891,Offline,0
T00724,10404,2025-02-27 20:29:00,85848.33,M635,D5992,Offline,1
T00725,50943,2025-02-13 02:06:00,29292.6,M635,D2961,Online,0
T00726,57926,2025-01-19 03:43:00,91085.94,M103,D3863,Online,1
T00727,39189,2025-01-05 06:34:00,75420.79,M934,D7603,Online,1
T00728,22763,2025-01-16 03:24:00,80510.19,M389,D5567,Offline,1
T00729,28384,2025-01-29 22:48:00,1898.85,M532,D7513,Offline,0
T00730,70100,2025-02-14 15:28:00,96284.75,M570,D5005,Offline,1
T00731,19860,2025-02-05 13:15:00,72694.43,M280,D1183,Online,1
T00732,90642,2025-01-15 07:01:00,30544.63,M347,D8755,Offline,0
T00733,60612,2025-02-06 13:28:00,82956.53,M727,D4358,Online,1
T00734,33574,2025-01-21 21:27:00,28223.97,M378,D7615,Offline,0
T00735,33524,2025-02-04 16:10:00,87288.11,M976,D7797,Online,1
T00736,79172,2025-01-23 21:41:00,11346.78,M680,D9728,Online,0
T00737,20916,2025-02-18 02:58:00,70398.23,M962,D8678,Offline,1
T00738,14809,2025-02-02 01:27:00,54115.78,M353,D6698,Online,0
T00739,42201,2025-02-22 07:04:00,9743.79,M280,D2273,Offline,0
T00740,63330,2025-01-31 03:28:00,24265.19,M929,D7653,Online,0
T00741,23456,2025-01-28 10:19:00,1339.16,M780,D2096,Offline,0
T00742,66397,2025-02-06 07:09:00,46929.92,M924,D9002,Offline,0
T00743,48765,2025-01-27 18:39:00,30196.4,M608,D5247,Online,0
T00744,44816,2025-02-21 14:39:00,59875.91,M860,D6314,Offline,0
T00745,55106,2025-02-03 21:07:00,29794.06,M799,D4354,Online,0
T00746,63932,2025-01-25 15:28:00,30061.92,M665,D1270,Offline,0
T00747,27100,2025-02-21 16:41:00,74345.0,M425,D2186,Offline,1
T00748,67091,2025-02-21 20:23:00,4909.47,M456,D7305,Offline,0
T00749,31949,2025-01-16 13:51:00,90299.21,M924,D3398,Offline,1
T00750,80080,2025-02-12 20:01:00,85241.16,M749,D7995,Online,1
T00751,47744,2025-02-14 02:03:00,66813.69,M779,D8299,Offline,0
T00752,55543,2025-02-04 03:13:00,59362.83,M490,D5182,Offline,0
T00753,46187,2025-01-05 10:08:00,89241.02,M714,D3230,Online,1
T00754,17239,2025-01-20 01:04:00,18614.48,M184,D7511,Online,0
T00755,24489,2025-02-01 06:04:00,7989.02,M416,D1128,Online,0
T00756,68017,2025-02-28 05:49:00,24027.07,M311,D4672,Online,0
T00757,71877,2025-02-09 13:45:00,79478.37,M614,D5765,Online,1
T00758,53125,2025-02-04 18:29:00,3563.56,M483,D4970,Online,0
T00759,59922,2025-02-06 08:06:00,58322.4,M790,D8545,Offline,0
T00760,42049,2025-02-26 07:01:00,99544.21,M441,D6552,Online,1
T00761,47131,2025-01-17 05:58:00,85584.04,M914,D1627,Offline,1
T00762,52944,2025-02-05 07:41:00,52192.42,M943,D7589,Online,1
T00763,83963,2025-02-22 16:57:00,6457.73,M137,D3044,Offline,0
T00764,34285,2025-02-26 21:05:00,83154.21,M610,D3341,Offline,1
T00765,47626,2025-02-17 14:57:00,59937.95,M519,D6884,Offline,0
T00766,52808,2025-02-15 14:01:00,11581.81,M850,D9185,Online,0
T00767,98464,2025-01-07 07:18:00,9476.34,M268,D1249,Online,0
T00768,63871,2025-01-18 08:43:00,90971.72,M442,D3925,Online,1
T00769,29198,2025-02-13 14:08:00,66953.11,M925,D6043,Online,0
T00770,29758,2025-02-05 10:47:00,82945.75,M405,D1974,Offline,1
T00771,25254,2025-02-19 17:46:00,87909.99,M641,D8192,Online,1
T00772,54238,2025-02-10 01:00:00,57220.06,M801,D3672,Offline,0
T00773,11252,2025-02-04 13:46:00,51792.89,M968,D8279,Offline,0
T00774,49764,2025-01-02 08:05:00,43099.7,M636,D8531,Online,0
T00775,87709,2025-02-28 07:36:00,31762.96,M211,D9662,Online,0
T00776,47441,2025-01-19 01:35:00,43516.14,M510,D2987,Online,0
T00777,63682,2025-01-24 03:20:00,77410.58,M305,D1090,Offline,1
T00778,69494,2025-02-15 01:21:00,60232.15,M284,D9721,Online,0
T00779,91317,2025-01-19 06:09:00,89263.08,M481,D5059,Offline,1
T00780,75215,2025-01-03 08:29:00,44393.66,M595,D3773,Online,0
T00781,88587,2025-01-18 20:03:00,60748.25,M478,D9383,Offline,0
T00782,16949,2025-01-10 11:09:00,63167.62,M146,D8409,Online,0
T00783,65393,2025-02-12 17:50:00,59210.55,M985,D5440,Online,0
T00784,83553,2025-01-18 05:46:00,70293.11,M839,D8347,Offline,1
T00785,16941,2025-01-19 11:50:00,23819.6,M650,D2008,Online,0
T00786,35934,2025-02-02 01:23:00,51285.14,M627,D4783,Online,0
T00787,33386,2025-02-16 03:15:00,10512.06,M603,D7646,Online,0
T00788,71886,2025-01-09 02:13:00,38512.68,M121,D5298,Online,0
T00789,85745,2025-01-20 10:01:00,48817.94,M312,D5668,Online,0
T00790,93251,2025-02-26 21:41:00,65257.2,M409,D5287,Online,0
T00791,63413,2025-02-21 11:37:00,95058.05,M760,D3052,Online,1
T00792,66800,2025-01-24 09:02:00,60105.04,M852,D7009,Offline,0
T00793,52318,2025-02-09 04:46:00,74385.03,M371,D2716,Offline,1
T00794,80173,2025-01-15 18:48:00,50675.98,M670,D1310,Online,0
T00795,80390,2025-01-26 14:37:00,63446.99,M898,D5538,Online,0
T00796,62329,2025-01-11 15:13:00,7186.13,M301,D2260,Online,0
T00797,53088,2025-02-26 04:05:00,25513.72,M131,D4932,Offline,0
T00798,49811,2025-02-20 11:55:00,36249.12,M542,D1584,Offline,0
T00799,65479,2025-01-08 04:06:00,47302.09,M261,D8616,Online,0
T00800,95392,2025-01-02 02:00:00,4660.31,M866,D9551,Offline,0
T00801,97369,2025-02-24 23:08:00,14088.41,M353,D3866,Online,0
T00802,29963,2025-02-27 18:26:00,27753.75,M620,D6898,Online,0
T00803,65123,2025-01-19 13:45:00,97156.12,M750,D3011,Online,1
T00804,83477,2025-01-23 03:30:00,33201.57,M579,D7251,Online,0
T00805,24388,2025-01-14 21:42:00,48255.9,M109,D5939,Offline,0
T00806,15569,2025-02-06 12:19:00,19690.16,M825,D5006,Offline,0
T00807,79836,2025-02-18 19:56:00,61116.93,M604,D2625,Online,0
T00808,46586,2025-02-28 05:27:00,28140.25,M884,D1890,Offline,0
T00809,22015,2025-01-20 17:00:00,20778.56,M935,D7078,Offline,0
T00810,55002,2025-01-02 15:16:00,51705.61,M659,D8036,Online,0
T00811,16254,2025-02-18 20:06:00,650.03,M535,D9923,Offline,0
T00812,27144,2025-01-14 22:09:00,865.64,M210,D4961,Online,0
T00813,34214,2025-02-22 13:57:00,21984.97,M252,D3504,Online,0
T00814,90719,2025-01-12 04:02:00,3768.46,M734,D9806,Online,0
T00815,81774,2025-01-01 11:01:00,10891.77,M968,D4806,Online,0
T00816,16090,2025-01-26 23:32:00,33952.18,M201,D7100,Offline,0
T00817,21637,2025-01-03 00:40:00,80278.31,M852,D2719,Online,1
T00818,32415,2025-02-11 21:15:00,57247.66,M932,D7686,Offline,0
T00819,34071,2025-02-25 06:01:00,51315.51,M290,D2587,Online,0
T00820,68243,2025-01-07 05:06:00,29419.53,M828,D8000,Online,1
T00821,51240,2025-02-01 14:20:00,93182.2,M662,D1896,Offline,1
T00822,93807,2025-01-12 07:49:00,39761.8,M903,D6558,Online,0
T00823,43434,2025-02-08 08:30:00,8800.57,M180,D9469,Offline,0
T00824,79724,2025-01-21 20:27:00,61744.94,M588,D5647,Offline,0
T00825,85697,2025-02-20 09:01:00,11472.46,M994,D3432,Online,0
T00826,38732,2025-02-11 04:41:00,34587.79,M187,D4904,Online,1
T00827,21314,2025-01-01 15:56:00,50790.45,M293,D7837,Online,0
T00828,33954,2025-02-21 11:31:00,87434.83,M203,D2449,Online,1
T00829,67108,2025-02-03 06:28:00,49405.3,M882,D5500,Online,0
T00830,97044,2025-02-24 09:39:00,70255.65,M195,D6454,Online,1
T00831,97505,2025-01-19 00:43:00,99282.4,M522,D5117,Offline,1
T00832,46668,2025-01-28 09:23:00,13235.76,M990,D9869,Offline,0
T00833,33061,2025-01-28 03:03:00,27545.68,M297,D3028,Online,0
T00834,89252,2025-02-26 02:58:00,39518.15,M100,D7845,Offline,0
T00835,49749,2025-01-04 06:23:00,42240.64,M506,D4758,Offline,0
T00836,26907,2025-02-15 05:28:00,41161.01,M477,D6904,Online,0
T00837,28777,2025-02-20 01:39:00,90770.34,M266,D5624,Online,1
T00838,61745,2025-01-18 22:49:00,71431.86,M608,D9848,Offline,1
T00839,91818,2025-01-23 03:00:00,60829.73,M737,D1165,Online,0
T00840,33624,2025-01-22 22:25:00,31006.33,M412,D5591,Offline,0
T00841,33321,2025-01-16 06:55:00,82396.66,M692,D1589,Online,1
T00842,20488,2025-02-23 20:19:00,95510.55,M517,D5524,Offline,1
T00843,32574,2025-01-31 06:25:00,82137.71,M862,D3821,Offline,1
T00844,15240,2025-01-19 17:18:00,256.35,M780,D7509,Offline,0
T00845,53221,2025-01-19 01:37:00,63676.5,M576,D8693,Offline,0
T00846,20478,2025-02-23 06:27:00,5208.42,M172,D1071,Online,0
T00847,65645,2025-02-01 11:50:00,25834.96,M240,D4580,Online,0
T00848,29262,2025-01-09 11:21:00,6046.52,M681,D8962,Offline,0
T00849,62796,2025-01-21 10:26:00,60419.17,M361,D1268,Offline,0
T00850,14432,2025-01-13 08:18:00,68690.33,M439,D3462,Online,0
T00851,74291,2025-02-01 10:01:00,11537.32,M407,D2015,Online,0
T00852,89104,2025-01-30 07:49:00,38445.5,M344,D8984,Offline,0
T00853,69399,2025-02-03 14:04:00,45678.03,M614,D1406,Offline,0
T00854,89714,2025-02-28 22:38:00,36968.4,M436,D8384,Offline,0
T00855,60428,2025-02-09 14:56:00,12190.4,M674,D7049,Offline,0
T00856,97731,2025-01-20 02:10:00,41952.88,M660,D7169,Offline,0
T00857,10302,2025-01-14 20:55:00,75142.69,M175,D8982,Online,1
T00858,92558,2025-01-19 13:23:00,7193.67,M979,D1985,Offline,0
T00859,10055,2025-01-17 03:59:00,8109.98,M274,D5485,Online,0
T00860,18717,2025-02-24 09:01:00,35541.65,M208,D9901,Online,0
T00861,38699,2025-01-09 00:41:00,94178.4,M282,D3618,Online,1
T00862,83686,2025-02-15 21:01:00,66890.41,M291,D7289,Offline,0
T00863,77661,2025-02-04 03:13:00,67899.13,M164,D7928,Online,0
T00864,54247,2025-01-24 00:22:00,36255.81,M948,D6368,Online,0
T00865,26748,2025-01-19 16:36:00,59406.71,M573,D5621,Online,0
T00866,14621,2025-02-14 16:04:00,1112.11,M882,D8566,Online,1
T00867,25034,2025-02-01 05:25:00,63646.0,M199,D5670,Offline,0
T00868,15126,2025-01-04 05:28:00,91337.37,M643,D8658,Offline,1
T00869,15122,2025-01-25 09:33:00,61296.09,M963,D2003,Online,0
T00870,28030,2025-02-05 04:37:00,87382.49,M227,D8504,Online,1
T00871,92838,2025-02-18 16:55:00,72424.91,M551,D3466,Offline,1
T00872,94717,2025-01-25 08:06:00,12143.79,M468,D2939,Offline,0
T00873,65658,2025-02-02 16:24:00,90255.09,M950,D2635,Offline,1
T00874,48638,2025-02-18 03:50:00,6737.74,M142,D9095,Online,0
T00875,77067,2025-02-01 20:53:00,53443.35,M983,D7265,Offline,0
T00876,98869,2025-02-12 13:12:00,14299.5,M518,D2895,Online,0
T00877,44674,2025-02-16 23:29:00,1269.49,M587,D7524,Online,0
T00878,45854,2025-02-14 21:54:00,42261.22,M177,D2073,Offline,0
T00879,56271,2025-01-10 13:20:00,29574.57,M925,D6184,Online,0
T00880,83688,2025-01-16 05:27:00,48651.45,M900,D3402,Offline,0
T00881,48518,2025-02-12 14:47:00,57762.27,M369,D5895,Online,0
T00882,20267,2025-01-09 17:48:00,4469.53,M773,D8331,Offline,0
T00883,11062,2025-02-06 06:33:00,12388.03,M800,D2956,Online,0
T00884,60448,2025-02-01 01:38:00,55908.38,M858,D8023,Online,0
T00885,16229,2025-01-24 04:37:00,34382.42,M827,D4907,Offline,0
T00886,66793,2025-02-27 01:49:00,72944.43,M414,D1807,Offline,1
T00887,57915,2025-02-23 00:47:00,65263.94,M950,D9378,Offline,0
T00888,14632,2025-02-19 11:40:00,84575.88,M988,D5827,Offline,1
T00889,13596,2025-02-23 04:59:00,69280.03,M267,D5524,Online,0
T00890,16168,2025-01-14 18:16:00,43050.11,M438,D3284,Offline,0
T00891,17561,2025-01-30 08:00:00,67329.37,M292,D6313,Offline,0
T00892,83794,2025-01-05 08:36:00,27610.58,M552,D1757,Online,0
T00893,92152,2025-02-25 05:30:00,30700.72,M382,D5887,Offline,0
T00894,36734,2025-01-17 07:39:00,78919.62,M435,D4854,Offline,1
T00895,16371,2025-02-27 06:55:00,44697.31,M489,D4558,Online,0
T00896,36069,2025-02-19 17:55:00,79858.2,M624,D1961,Offline,1
T00897,89905,2025-03-01 02:32:00,82260.0,M339,D4847,Offline,1
T00898,22910,2025-01-25 23:06:00,85770.48,M931,D7726,Offline,1
T00899,83479,2025-02-08 08:04:00,91671.86,M582,D4575,Offline,1
T00900,87735,2025-02-06 00:46:00,43155.42,M758,D3418,Offline,0
T00901,91264,2025-02-19 18:12:00,31954.8,M815,D5198,Offline,0
T00902,33275,2025-01-11 19:23:00,58261.65,M691,D2001,Online,0
T00903,82274,2025-01-07 20:07:00,37180.13,M990,D6244,Offline,0
T00904,91449,2025-01-19 03:55:00,60147.31,M654,D8119,Online,0
T00905,70004,2025-02-25 07:51:00,70588.03,M557,D5066,Online,1
T00906,72981,2025-02-27 20:30:00,68871.66,M188,D3845,Online,0
T00907,94659,2025-02-16 17:18:00,37517.83,M759,D9849,Online,0
T00908,64553,2025-01-13 17:09:00,16769.33,M194,D6316,Offline,0
T00909,58447,2025-01-01 10:19:00,43109.88,M551,D1422,Offline,0
T00910,44529,2025-02-27 18:34:00,14345.15,M527,D7715,Offline,1
T00911,85703,2025-02-04 19:08:00,89020.69,M250,D5266,Online,1
T00912,86090,2025-01-25 02:27:00,34653.16,M613,D8549,Offline,0
T00913,27260,2025-01-15 02:57:00,15530.53,M475,D7316,Offline,0
T00914,13812,2025-02-26 14:57:00,2642.23,M121,D3710,Offline,0
T00915,38024,2025-02-16 04:24:00,64617.66,M982,D9644,Online,0
T00916,68656,2025-02-03 01:34:00,63726.54,M412,D9069,Online,0
T00917,37285,2025-01-01 04:41:00,34126.36,M939,D2657,Offline,0
T00918,11605,2025-01-20 01:00:00,7264.02,M618,D3541,Online,0
T00919,81158,2025-02-26 04:16:00,41021.93,M305,D7763,Online,0
T00920,82303,2025-01-28 02:30:00,31190.63,M474,D4075,Offline,0
T00921,37139,2025-01-01 17:38:00,67744.35,M550,D4164,Online,0
T00922,87149,2025-03-01 20:53:00,60617.35,M725,D3053,Online,0
T00923,66138,2025-02-22 23:00:00,36522.91,M883,D9479,Offline,0
T00924,86125,2025-01-20 17:24:00,21867.47,M694,D6737,Online,0
T00925,23918,2025-01-21 17:36:00,98804.79,M278,D4217,Online,1
T00926,95655,2025-01-07 09:20:00,45454.76,M309,D2447,Online,0
T00927,37446,2025-02-14 13:38:00,68858.6,M599,D7009,Online,0
T00928,23046,2025-01-24 14:37:00,14141.24,M563,D1607,Online,0
T00929,34818,2025-01-18 18:51:00,48610.41,M939,D5552,Online,0
T00930,14324,2025-01-29 15:15:00,2850.92,M223,D2764,Online,0
T00931,86323,2025-01-25 08:17:00,50594.97,M212,D3671,Online,0
T00932,19111,2025-01-01 20:39:00,96405.34,M111,D7519,Offline,1
T00933,48110,2025-02-15 14:21:00,38482.25,M225,D4962,Offline,0
T00934,26389,2025-02-01 10:32:00,3995.7,M664,D4177,Offline,0
T00935,51427,2025-02-12 12:12:00,3192.48,M430,D4722,Offline,0
T00936,89579,2025-01-11 16:38:00,38859.88,M382,D5906,Online,0
T00937,38746,2025-02-09 05:43:00,16086.49,M239,D8263,Offline,0
T00938,97886,2025-01-05 14:38:00,2432.87,M500,D6054,Offline,0
T00939,10117,2025-01-05 13:30:00,75645.74,M196,D1808,Online,1
T00940,94471,2025-02-17 18:25:00,45906.45,M616,D1725,Online,0
T00941,23234,2025-01-07 07:50:00,28995.55,M668,D8701,Online,0
T00942,63441,2025-02-24 23:01:00,90018.31,M945,D2216,Online,1
T00943,10846,2025-01-09 09:55:00,11702.28,M168,D5051,Online,0
T00944,20954,2025-01-28 03:02:00,95596.29,M217,D3197,Offline,1
T00945,89239,2025-01-16 21:51:00,31465.28,M987,D3806,Online,0
T00946,56514,2025-01-23 14:36:00,88851.53,M158,D9970,Offline,1
T00947,98236,2025-02-24 06:11:00,60333.99,M132,D1972,Offline,0
T00948,16469,2025-01-02 08:49:00,82688.07,M417,D6634,Online,1
T00949,40105,2025-01-31 09:13:00,98402.92,M149,D8483,Offline,1
T00950,52101,2025-02-27 12:11:00,28911.7,M979,D3123,Offline,0
T00951,74323,2025-01-04 02:30:00,96117.43,M588,D9790,Online,1
T00952,68067,2025-01-08 02:25:00,39009.24,M118,D1224,Offline,0
T00953,59376,2025-01-17 02:36:00,38612.64,M825,D2814,Offline,0
T00954,55587,2025-01-10 11:49:00,34104.67,M296,D2106,Offline,0
T00955,46976,2025-01-26 23:00:00,54186.62,M990,D1124,Online,0
T00956,77584,2025-02-03 13:20:00,15499.09,M549,D4246,Online,0
T00957,88477,2025-02-02 22:14:00,55415.78,M658,D3931,Online,0
T00958,52533,2025-01-11 19:37:00,54216.31,M778,D3971,Offline,0
T00959,11828,2025-02-08 11:29:00,76213.99,M551,D3017,Online,1
T00960,11917,2025-01-20 21:05:00,83381.63,M388,D8415,Offline,1
T00961,30618,2025-02-26 06:40:00,44100.09,M240,D3415,Online,0
T00962,42254,2025-01-17 17:29:00,30303.09,M183,D4096,Offline,0
T00963,57362,2025-01-26 08:07:00,26007.56,M793,D2609,Online,0
T00964,30128,2025-02-15 17:18:00,19542.92,M490,D1717,Online,0
T00965,69383,2025-02-04 19:38:00,5858.99,M690,D4561,Offline,0
T00966,75545,2025-01-30 17:43:00,34310.55,M314,D7782,Online,0
T00967,92180,2025-01-26 20:08:00,27097.74,M625,D2048,Offline,0
T00968,97958,2025-02-07 13:01:00,96645.1,M314,D9307,Online,1
T00969,19865,2025-01-22 06:59:00,55815.11,M502,D8905,Online,0
T00970,12219,2025-01-23 03:30:00,34792.98,M227,D6578,Offline,0
T00971,49809,2025-02-24 22:54:00,58088.71,M921,D2620,Offline,0
T00972,15287,2025-02-02 16:15:00,14005.75,M576,D7548,Offline,0
T00973,44387,2025-01-14 13:08:00,44459.97,M859,D8381,Online,0
T00974,18512,2025-01-30 08:47:00,62660.81,M503,D5780,Offline,0
T00975,11342,2025-02-24 19:16:00,48940.89,M128,D4792,Online,0
T00976,73076,2025-01-19 17:44:00,40237.7,M891,D3941,Offline,0
T00977,29216,2025-01-06 15:25:00,99385.45,M437,D6695,Offline,1
T00978,89767,2025-01-26 00:59:00,88043.44,M930,D7401,Offline,1
T00979,36614,2025-02-18 07:29:00,62378.26,M813,D7197,Offline,0
T00980,46258,2025-01-12 20:47:00,56980.8,M460,D6450,Offline,0
T00981,52078,2025-01-04 23:04:00,62103.98,M668,D9975,Offline,0
T00982,93524,2025-02-12 01:36:00,20211.08,M491,D9432,Online,0
T00983,22219,2025-02-20 23:04:00,39574.26,M317,D6874,Offline,0
T00984,10235,2025-02-20 07:40:00,4042.01,M673,D2553,Online,0
T00985,52929,2025-01-19 21:28:00,47607.05,M768,D2012,Offline,0
T00986,77444,2025-03-01 03:10:00,54348.16,M301,D9378,Offline,0
T00987,18567,2025-02-15 20:24:00,22852.2,M116,D2881,Offline,0
T00988,80792,2025-01-28 16:42:00,96406.48,M421,D7799,Online,1
T00989,75441,2025-01-19 00:03:00,90954.52,M617,D5586,Online,1
T00990,94555,2025-01-21 06:05:00,72242.11,M669,D9622,Offline,1
T00991,83698,2025-02-16 16:03:00,53385.32,M424,D9430,Online,0
T00992,15415,2025-01-03 20:34:00,87009.92,M511,D7447,Offline,1
T00993,46159,2025-02-15 02:45:00,13152.17,M417,D3345,Offline,0
T00994,53925,2025-01-26 05:21:00,79071.93,M780,D1075,Online,1
T00995,15951,2025-02-20 21:37:00,12569.6,M181,D6877,Online,0
T00996,97388,2025-01-18 15:46:00,79441.65,M573,D7785,Online,1
T00997,18007,2025-01-13 08:12:00,27649.18,M567,D5922,Online,0
T00998,51832,2025-01-03 13:52:00,87721.35,M524,D9090,Offline,1
T00999,68596,2025-01-01 22:47:00,94409.81,M830,D3330,Online,1
T01000,40523,2025-02-06 01:24:00,14964.72,M788,D5686,Online,0
